кластер;фраза;конкуренция;зона;"частота ""фраза""";хвосты;бид спец, ₽;бид 1 место, ₽;витальный сайт
ПИЛЛАР;ии помощник;16;оранжевая;9844;42235;92.1;172.7;
ПИЛЛАР;ии помощник онлайн;20;оранжевая;834;1059;62.7;114.9;
ПИЛЛАР;ии помощник бесплатно;9;жёлтая;600;2746;61.3;96.9;
ПИЛЛАР;ии помощник онлайн бесплатно;12;оранжевая;554;137;38.7;68.2;
ПИЛЛАР;ии помощник русский;23;красная;1;965;33.4;73.1;
ПИЛЛАР;ии помощник без регистрации;11;жёлтая;2;176;38.6;47.5;
ПИЛЛАР;ии ассистент;11;жёлтая;1569;29329;194.6;396.7;
ПИЛЛАР;ии помощник телеграм;7;жёлтая;5;77;48.5;238;
ПИЛЛАР;ии помощник в телеграм;10;жёлтая;29;28;67.7;246.9;
ПИЛЛАР;телеграм бот ии помощник;12;оранжевая;1;4;115.4;392.4;
КОНСУЛЬТАНТ (общий);ии помощник консультант;6;жёлтая;114;975;212.7;353.1;
КОНСУЛЬТАНТ (общий);ии консультант;18;оранжевая;358;4819;208.9;428.8;
КОНСУЛЬТАНТ (общий);ии консультант онлайн;17;оранжевая;1;34;155.4;97.7;
КОНСУЛЬТАНТ (общий);ии помощник вопросы;7;жёлтая;1;801;66.5;161.9;
КОНСУЛЬТАНТ (общий);ии помощник на ответы;6;жёлтая;1;733;58.3;124.2;
КОНСУЛЬТАНТ (общий);ии помощник ответы на вопросы;6;жёлтая;3;82;56.9;324.2;
КОНСУЛЬТАНТ (общий);ии помощник спросить;18;оранжевая;0;81;36.2;99.2;
УЧИТЕЛЬ / ПЕДАГОГ;ии помощник для учителя;13;оранжевая;134;492;65.4;98.3;
УЧИТЕЛЬ / ПЕДАГОГ;ии помощник педагога;6;жёлтая;61;199;63.4;100.9;
УЧИТЕЛЬ / ПЕДАГОГ;ии помощник преподавателя;7;жёлтая;32;95;71.4;73.6;
УЧИТЕЛЬ / ПЕДАГОГ;ии помощник воспитателя;3;зелёная;7;60;36.4;87.8;
УЧИТЕЛЬ / ПЕДАГОГ;ии помощник для уроков;11;жёлтая;9;319;48.8;78.9;
УЧИТЕЛЬ / ПЕДАГОГ;ии для учителей;11;жёлтая;1267;11279;83.1;138;
УЧИТЕЛЬ / ПЕДАГОГ;нейросеть для учителя;10;жёлтая;1156;5205;64.8;125.9;
УЧИТЕЛЬ / ПЕДАГОГ;конспект урока нейросеть;3;зелёная;5;770;41.8;54.4;
УЧИТЕЛЬ / ПЕДАГОГ;нейросеть для конспекта урока;3;зелёная;8;280;41.9;52.7;
УЧИТЕЛЬ / ПЕДАГОГ;рабочая программа нейросеть;1;зелёная;9;415;47.3;90.6;
УЧИТЕЛЬ / ПЕДАГОГ;характеристика на ученика нейросеть;1;зелёная;0;9;37.4;99.1;
УЧИТЕЛЬ / ПЕДАГОГ;ии помощник обучение;19;оранжевая;3;216;322.8;616.8;
УЧИТЕЛЬ / ПЕДАГОГ;ии помощник курсы;21;красная;1;136;878.1;747.9;
УЧЕНИК / СТУДЕНТ;ии помощник ученика;4;зелёная;3;688;57.1;108.9;
УЧЕНИК / СТУДЕНТ;ии помощник для заданий;8;жёлтая;1;727;56.6;279.2;
УЧЕНИК / СТУДЕНТ;ии помощник для решения;16;оранжевая;0;111;33.8;120.6;
УЧЕНИК / СТУДЕНТ;ии помощник по математике;5;зелёная;34;49;46.7;146.5;
УЧЕНИК / СТУДЕНТ;ии помощник в учебе;5;зелёная;17;100;35.1;93.5;
УЧЕНИК / СТУДЕНТ;ии помощник для школьников;12;оранжевая;23;56;63.3;63.1;
УЧЕНИК / СТУДЕНТ;ии помощник для студентов;24;красная;20;50;98.9;76.7;
УЧЕНИК / СТУДЕНТ;решение задач по фото нейросеть;12;оранжевая;158;404;27.5;52.2;
УЧЕНИК / СТУДЕНТ;ии решает задачи по фото;6;жёлтая;153;167;23.7;38.2;
УЧЕНИК / СТУДЕНТ;нейросеть для домашнего задания;16;оранжевая;33;395;32.1;75.6;
УЧЕНИК / СТУДЕНТ;ии помощник по фото;7;жёлтая;137;171;45.4;93.1;
ЮРИСТ / ДОКУМЕНТЫ;юридический ии помощник;7;жёлтая;124;121;252.9;276.9;
ЮРИСТ / ДОКУМЕНТЫ;ии помощник для юриста;15;оранжевая;116;112;179.9;317.6;
ЮРИСТ / ДОКУМЕНТЫ;ии юрист;11;жёлтая;2506;16351;174.2;234.9;
ЮРИСТ / ДОКУМЕНТЫ;ии юрист онлайн;9;жёлтая;555;1005;103.8;155.9;
ЮРИСТ / ДОКУМЕНТЫ;ии помощник договоры;10;жёлтая;3;82;243.1;572.1;
ЮРИСТ / ДОКУМЕНТЫ;проверка договора нейросеть;6;жёлтая;18;127;129;715.4;
ЮРИСТ / ДОКУМЕНТЫ;ии проверит договор;20;оранжевая;63;611;150.1;146.6;
ЮРИСТ / ДОКУМЕНТЫ;составить договор нейросеть;1;зелёная;4;95;107.6;171.1;
ЮРИСТ / ДОКУМЕНТЫ;ии помощник для документов;21;красная;4;115;159.5;223.6;
ЮРИСТ / ДОКУМЕНТЫ;нейросеть для юриста;9;жёлтая;854;3280;203.7;253.7;
ЮРИСТ / ДОКУМЕНТЫ;претензия нейросеть составить;1;зелёная;1;189;77.7;102.1;
ЮРИСТ / ДОКУМЕНТЫ;жалоба нейросеть составить;1;зелёная;2;130;103.6;82.6;
ЮРИСТ / ДОКУМЕНТЫ;ии помощник судьи;18;оранжевая;28;70;31.8;86.5;
ЮРИСТ / ДОКУМЕНТЫ;ии помощник участкового;19;оранжевая;32;70;53.4;139.7;
БИЗНЕС / КОНСУЛЬТАНТ НА САЙТ;ии помощник для бизнеса;9;жёлтая;180;192;1079.4;1398.5;
БИЗНЕС / КОНСУЛЬТАНТ НА САЙТ;ии помощник для бизнеса бесплатно;22;красная;50;12;563.8;531.4;
БИЗНЕС / КОНСУЛЬТАНТ НА САЙТ;ии ассистент для бизнеса;14;оранжевая;232;313;1025.2;1929.2;
БИЗНЕС / КОНСУЛЬТАНТ НА САЙТ;ии помощник на сайт;19;оранжевая;8;114;214.4;842.4;
БИЗНЕС / КОНСУЛЬТАНТ НА САЙТ;ии консультант на сайт;4;зелёная;157;48;449.9;1931.8;
БИЗНЕС / КОНСУЛЬТАНТ НА САЙТ;чат бот с ии для сайта;4;зелёная;3;20;566.8;528.2;
БИЗНЕС / КОНСУЛЬТАНТ НА САЙТ;ии бот для бизнеса;9;жёлтая;12;191;866.8;1658.6;
БИЗНЕС / КОНСУЛЬТАНТ НА САЙТ;чат бот с ии;18;оранжевая;510;9910;26.8;42.1;
БИЗНЕС / КОНСУЛЬТАНТ НА САЙТ;умный чат бот для бизнеса;9;жёлтая;1;0;71.6;42.5;
БИЗНЕС / КОНСУЛЬТАНТ НА САЙТ;ии помощник руководителя;3;зелёная;14;134;555;456.2;
БИЗНЕС / КОНСУЛЬТАНТ НА САЙТ;ии помощник аналитик;24;красная;0;111;331.6;1979.5;
БИЗНЕС / КОНСУЛЬТАНТ НА САЙТ;помощник ии для проектов;15;оранжевая;2;89;99.8;72.5;
БИЗНЕС / КОНСУЛЬТАНТ НА САЙТ;ии помощник реклама;16;оранжевая;0;117;339.8;4469.4;
СОЗДАТЬ / ЗАКАЗАТЬ (B2B-лид);создание ии помощника;5;зелёная;13;983;87.7;122;
СОЗДАТЬ / ЗАКАЗАТЬ (B2B-лид);как сделать ии помощника;3;зелёная;43;416;87.8;576.2;
СОЗДАТЬ / ЗАКАЗАТЬ (B2B-лид);разработка ии помощника;8;жёлтая;2;113;260.2;490.1;
СОЗДАТЬ / ЗАКАЗАТЬ (B2B-лид);заказать ии помощника;25;красная;0;31;89.8;1050.6;
СОЗДАТЬ / ЗАКАЗАТЬ (B2B-лид);ии помощник купить;9;жёлтая;9;152;171.2;416.4;
СОЗДАТЬ / ЗАКАЗАТЬ (B2B-лид);ии помощник под ключ;12;оранжевая;0;1;65.7;122.1;
СОЗДАТЬ / ЗАКАЗАТЬ (B2B-лид);личный ии помощник;4;зелёная;23;289;126.6;354.8;
СОЗДАТЬ / ЗАКАЗАТЬ (B2B-лид);персональный ии помощник;3;зелёная;21;211;94.8;317.6;
СОЗДАТЬ / ЗАКАЗАТЬ (B2B-лид);простой ии помощник;5;зелёная;19;179;109.1;97.3;
СОЗДАТЬ / ЗАКАЗАТЬ (B2B-лид);ии агент помощник;8;жёлтая;10;274;226.1;283.6;
СОЗДАТЬ / ЗАКАЗАТЬ (B2B-лид);ии агент для бизнеса;6;жёлтая;538;929;842.5;2348.5;
СОЗДАТЬ / ЗАКАЗАТЬ (B2B-лид);бот помощник ии;19;оранжевая;12;259;64.8;121.5;
СОЗДАТЬ / ЗАКАЗАТЬ (B2B-лид);помощник ии чат бот;17;оранжевая;1;128;106.7;66.5;
СОЗДАТЬ / ЗАКАЗАТЬ (B2B-лид);ии чат помощник;12;оранжевая;77;717;61.9;96.2;
СОЗДАТЬ / ЗАКАЗАТЬ (B2B-лид);как сделать телеграм бота с нейросетью;5;зелёная;1;8;24.9;75.1;
СОЗДАТЬ / ЗАКАЗАТЬ (B2B-лид);телеграм бот с нейросетью;16;оранжевая;16;99;40.4;110.8;
СОЗДАТЬ / ЗАКАЗАТЬ (B2B-лид);бот с искусственным интеллектом телеграм;5;зелёная;0;47;20.1;127.9;
БУХГАЛТЕР / 1С;ии помощник 1с;8;жёлтая;95;179;217;250.3;
БУХГАЛТЕР / 1С;ии помощник для бухгалтера;4;зелёная;30;50;181.3;319.3;
БУХГАЛТЕР / 1С;нейросеть для бухгалтера;19;оранжевая;139;501;249.5;392.8;
БУХГАЛТЕР / 1С;ии бухгалтер;8;жёлтая;135;2982;224.6;365.9;
БУХГАЛТЕР / 1С;ии помощник для ип;19;оранжевая;1;2;30.6;359.9;
БУХГАЛТЕР / 1С;ии помощник самозанятого;25;красная;0;4;292;70.9;
HR / КАРЬЕРА;ии помощник для собеседований;9;жёлтая;90;83;179.9;248.9;
HR / КАРЬЕРА;ии помощник hh;7;жёлтая;9;253;109.9;159.1;
HR / КАРЬЕРА;ии помощник для резюме;1;зелёная;6;23;79.7;114;
HR / КАРЬЕРА;нейросеть напишет резюме;9;жёлтая;27;349;58.4;54.1;
HR / КАРЬЕРА;сопроводительное письмо нейросеть;1;зелёная;1;146;43.9;73.8;
HR / КАРЬЕРА;подготовка к собеседованию нейросеть;20;оранжевая;0;18;237;386.5;
HR / КАРЬЕРА;ии рекрутер;11;жёлтая;36;299;545.9;531.7;
МЕДИЦИНА (YMYL, осторожно);ии помощник врача;11;жёлтая;34;236;187.2;498.4;
МЕДИЦИНА (YMYL, осторожно);медицинский ии помощник;7;жёлтая;59;65;57;102.7;
МЕДИЦИНА (YMYL, осторожно);нейросеть для врача;6;жёлтая;82;276;97.2;178.8;
МЕДИЦИНА (YMYL, осторожно);расшифровка приема врача в текст;3;зелёная;0;0;0.3;0.3;
МЕДИЦИНА (YMYL, осторожно);протокол приема врача нейросеть;14;оранжевая;0;0;0.3;0.3;
РУКОВОДИТЕЛЬ / ВСТРЕЧИ (синергия с транскрибацией);протокол встречи нейросеть;4;зелёная;1;7;95.6;63.2;
РУКОВОДИТЕЛЬ / ВСТРЕЧИ (синергия с транскрибацией);расшифровка созвона в текст;3;зелёная;0;1;22.5;213.8;
РУКОВОДИТЕЛЬ / ВСТРЕЧИ (синергия с транскрибацией);саммари встречи нейросеть;9;жёлтая;0;2;56;56.3;
РУКОВОДИТЕЛЬ / ВСТРЕЧИ (синергия с транскрибацией);ии помощник для совещаний;5;зелёная;3;6;109.2;53.5;
КОНТЕНТ (уже есть продукт на сайте);ии помощник текста;15;оранжевая;58;2053;49.1;62.4;
КОНТЕНТ (уже есть продукт на сайте);ии помощник для написания;8;жёлтая;2;762;53.8;72.7;
КОНТЕНТ (уже есть продукт на сайте);ии помощник для написания текстов;20;оранжевая;409;126;46.9;80.1;
КОНТЕНТ (уже есть продукт на сайте);ии текстовый помощник;20;оранжевая;35;136;106.2;106.5;
КОНТЕНТ (уже есть продукт на сайте);ии помощник для презентаций;14;оранжевая;25;188;67.2;70.7;
КОНТЕНТ (уже есть продукт на сайте);ии помощник для создания презентаций;6;жёлтая;33;60;68.6;59.7;
КОНТЕНТ (уже есть продукт на сайте);ии помощник для создания видео;5;зелёная;24;56;78.7;58.9;
КОНТЕНТ (уже есть продукт на сайте);ии помощник изображения;5;зелёная;3;137;61.5;83.9;
КОНТЕНТ (уже есть продукт на сайте);ии помощник для картинок;7;жёлтая;7;80;40.8;68;
КОНТЕНТ (уже есть продукт на сайте);ии помощник для дизайна;9;жёлтая;16;58;78.8;110.2;
КОНТЕНТ (уже есть продукт на сайте);ии помощник генерация;21;красная;0;158;44.5;46.7;
КОНТЕНТ (уже есть продукт на сайте);промт для ии помощника;15;оранжевая;1;90;47.7;373.7;
ИНФО / ТОПЫ (трафиковый слой);лучший ии помощник;14;оранжевая;185;1145;85.2;164.4;
ИНФО / ТОПЫ (трафиковый слой);какой ии помощник лучше;4;зелёная;40;295;80;207.5;
ИНФО / ТОПЫ (трафиковый слой);самый лучший ии помощник;3;зелёная;67;132;84.2;176.6;
ИНФО / ТОПЫ (трафиковый слой);лучший бесплатный ии помощник;1;зелёная;60;96;54.8;107;
ИНФО / ТОПЫ (трафиковый слой);ии помощники какие есть;4;зелёная;205;369;63.5;132.7;
ИНФО / ТОПЫ (трафиковый слой);ии помощники список;6;жёлтая;43;104;72.9;519.7;
ИНФО / ТОПЫ (трафиковый слой);ии помощники в россии;17;оранжевая;1;178;85.4;363.2;
ИНФО / ТОПЫ (трафиковый слой);топ ии помощников;4;зелёная;17;126;78.3;147.6;
ИНФО / ТОПЫ (трафиковый слой);рейтинг ии помощников;3;зелёная;36;60;93.5;109.9;
ИНФО / ТОПЫ (трафиковый слой);виды ии помощников;10;жёлтая;2;162;56.3;170.5;
ИНФО / ТОПЫ (трафиковый слой);названия ии помощников;4;зелёная;70;125;84.2;150.8;
ИНФО / ТОПЫ (трафиковый слой);функции ии помощников;5;зелёная;3;276;81.8;133.4;
ИНФО / ТОПЫ (трафиковый слой);ии помощник примеры;6;жёлтая;0;193;49.5;153.8;
ИНФО / ТОПЫ (трафиковый слой);как работает ии помощник;5;зелёная;4;177;90.3;356.5;
ИНФО / ТОПЫ (трафиковый слой);как пользоваться ии помощником;17;оранжевая;3;168;83.5;113.9;
ИНФО / ТОПЫ (трафиковый слой);применение ии помощников;10;жёлтая;0;90;102.1;148.6;
ИНФО / ТОПЫ (трафиковый слой);сервис ии помощников;21;красная;1;426;135.5;114.5;
ИНФО / ТОПЫ (трафиковый слой);задача ии помощника;9;жёлтая;2;1151;67.4;246.8;
ИНФО / ТОПЫ (трафиковый слой);популярные ии помощники;3;зелёная;14;74;91.5;75.7;
ИНФО / ТОПЫ (трафиковый слой);помощники на основе ии;8;жёлтая;1;193;164;199.8;
ИНФО / ТОПЫ (трафиковый слой);помощник на базе ии;6;жёлтая;0;199;110.5;405.8;
ИНФО / ТОПЫ (трафиковый слой);виртуальные помощники ии;6;жёлтая;10;137;133.4;179.5;
ИНФО / ТОПЫ (трафиковый слой);цифровой помощник ии;5;зелёная;1;278;116.3;269.6;
ИНФО / ТОПЫ (трафиковый слой);умный помощник ии;11;жёлтая;14;410;52;237.1;
ИНФО / ТОПЫ (трафиковый слой);нейросеть помощник ии;22;красная;11;462;61.2;154.2;
