Кампания;Группа;Фраза (с минус-словами);Заголовок;Второй заголовок;Текст;Ссылка;Отображаемая ссылка;Регион;Ставка
Песня в подарок — Поиск;Общие — песня в подарок;песня в подарок;Песня в подарок за 10 минут;От 490 ₽, два варианта;Расскажите про человека — получите песню с его именем. Текст бесплатно.;https://genius-bot.ru/pesnya-v-podarok/?utm_source=yandex&utm_medium=cpc&utm_campaign=podarok&utm_term={keyword}&utm_content={ad_id};pesnya-v-podarok;Россия;60
Песня в подарок — Поиск;Общие — песня в подарок;песня в подарок на заказ;Песня в подарок за 10 минут;От 490 ₽, два варианта;Расскажите про человека — получите песню с его именем. Текст бесплатно.;https://genius-bot.ru/pesnya-v-podarok/?utm_source=yandex&utm_medium=cpc&utm_campaign=podarok&utm_term={keyword}&utm_content={ad_id};pesnya-v-podarok;Россия;60
Песня в подарок — Поиск;Общие — песня в подарок;заказать песню в подарок;Песня в подарок за 10 минут;От 490 ₽, два варианта;Расскажите про человека — получите песню с его именем. Текст бесплатно.;https://genius-bot.ru/pesnya-v-podarok/?utm_source=yandex&utm_medium=cpc&utm_campaign=podarok&utm_term={keyword}&utm_content={ad_id};pesnya-v-podarok;Россия;60
Песня в подарок — Поиск;Общие — песня в подарок;песня на заказ;Песня в подарок за 10 минут;От 490 ₽, два варианта;Расскажите про человека — получите песню с его именем. Текст бесплатно.;https://genius-bot.ru/pesnya-v-podarok/?utm_source=yandex&utm_medium=cpc&utm_campaign=podarok&utm_term={keyword}&utm_content={ad_id};pesnya-v-podarok;Россия;60
Песня в подарок — Поиск;Общие — песня в подарок;заказать песню;Песня в подарок за 10 минут;От 490 ₽, два варианта;Расскажите про человека — получите песню с его именем. Текст бесплатно.;https://genius-bot.ru/pesnya-v-podarok/?utm_source=yandex&utm_medium=cpc&utm_campaign=podarok&utm_term={keyword}&utm_content={ad_id};pesnya-v-podarok;Россия;60
Песня в подарок — Поиск;Общие — песня в подарок;персональная песня;Песня в подарок за 10 минут;От 490 ₽, два варианта;Расскажите про человека — получите песню с его именем. Текст бесплатно.;https://genius-bot.ru/pesnya-v-podarok/?utm_source=yandex&utm_medium=cpc&utm_campaign=podarok&utm_term={keyword}&utm_content={ad_id};pesnya-v-podarok;Россия;60
Песня в подарок — Поиск;Общие — песня в подарок;именная песня в подарок;Песня в подарок за 10 минут;От 490 ₽, два варианта;Расскажите про человека — получите песню с его именем. Текст бесплатно.;https://genius-bot.ru/pesnya-v-podarok/?utm_source=yandex&utm_medium=cpc&utm_campaign=podarok&utm_term={keyword}&utm_content={ad_id};pesnya-v-podarok;Россия;60
Песня в подарок — Поиск;Общие — песня в подарок;песня с именем на заказ;Песня в подарок за 10 минут;От 490 ₽, два варианта;Расскажите про человека — получите песню с его именем. Текст бесплатно.;https://genius-bot.ru/pesnya-v-podarok/?utm_source=yandex&utm_medium=cpc&utm_campaign=podarok&utm_term={keyword}&utm_content={ad_id};pesnya-v-podarok;Россия;60
Песня в подарок — Поиск;Общие — песня в подарок;индивидуальная песня на заказ;Песня в подарок за 10 минут;От 490 ₽, два варианта;Расскажите про человека — получите песню с его именем. Текст бесплатно.;https://genius-bot.ru/pesnya-v-podarok/?utm_source=yandex&utm_medium=cpc&utm_campaign=podarok&utm_term={keyword}&utm_content={ad_id};pesnya-v-podarok;Россия;60
Песня в подарок — Поиск;Общие — песня в подарок;авторская песня на заказ;Песня в подарок за 10 минут;От 490 ₽, два варианта;Расскажите про человека — получите песню с его именем. Текст бесплатно.;https://genius-bot.ru/pesnya-v-podarok/?utm_source=yandex&utm_medium=cpc&utm_campaign=podarok&utm_term={keyword}&utm_content={ad_id};pesnya-v-podarok;Россия;60
Песня в подарок — Поиск;Кому — маме;песня в подарок маме;Песня маме за 10 минут;С её именем, от 490 ₽;Напишите про маму три детали — песня будет про неё. Текст покажем бесплатно.;https://genius-bot.ru/pesnya-v-podarok-mame/?utm_source=yandex&utm_medium=cpc&utm_campaign=podarok&utm_term={keyword}&utm_content={ad_id};pesnya-v-podarok;Россия;60
Песня в подарок — Поиск;Кому — маме;песня для мамы на заказ;Песня маме за 10 минут;С её именем, от 490 ₽;Напишите про маму три детали — песня будет про неё. Текст покажем бесплатно.;https://genius-bot.ru/pesnya-v-podarok-mame/?utm_source=yandex&utm_medium=cpc&utm_campaign=podarok&utm_term={keyword}&utm_content={ad_id};pesnya-v-podarok;Россия;60
Песня в подарок — Поиск;Кому — маме;песня маме на юбилей;Песня маме за 10 минут;С её именем, от 490 ₽;Напишите про маму три детали — песня будет про неё. Текст покажем бесплатно.;https://genius-bot.ru/pesnya-v-podarok-mame/?utm_source=yandex&utm_medium=cpc&utm_campaign=podarok&utm_term={keyword}&utm_content={ad_id};pesnya-v-podarok;Россия;60
Песня в подарок — Поиск;Кому — маме;песня маме на день рождения заказать;Песня маме за 10 минут;С её именем, от 490 ₽;Напишите про маму три детали — песня будет про неё. Текст покажем бесплатно.;https://genius-bot.ru/pesnya-v-podarok-mame/?utm_source=yandex&utm_medium=cpc&utm_campaign=podarok&utm_term={keyword}&utm_content={ad_id};pesnya-v-podarok;Россия;60
Песня в подарок — Поиск;Кому — маме;песня про маму на заказ;Песня маме за 10 минут;С её именем, от 490 ₽;Напишите про маму три детали — песня будет про неё. Текст покажем бесплатно.;https://genius-bot.ru/pesnya-v-podarok-mame/?utm_source=yandex&utm_medium=cpc&utm_campaign=podarok&utm_term={keyword}&utm_content={ad_id};pesnya-v-podarok;Россия;60
Песня в подарок — Поиск;Кому — папе и брату;песня в подарок папе;Песня папе или брату;Можно с юмором, 490 ₽;Его имя, его истории, его жанр. Текст показываем до записи — бесплатно.;https://genius-bot.ru/pesnya-v-podarok-pape/?utm_source=yandex&utm_medium=cpc&utm_campaign=podarok&utm_term={keyword}&utm_content={ad_id};pesnya-v-podarok;Россия;60
Песня в подарок — Поиск;Кому — папе и брату;песня для папы на заказ;Песня папе или брату;Можно с юмором, 490 ₽;Его имя, его истории, его жанр. Текст показываем до записи — бесплатно.;https://genius-bot.ru/pesnya-v-podarok-pape/?utm_source=yandex&utm_medium=cpc&utm_campaign=podarok&utm_term={keyword}&utm_content={ad_id};pesnya-v-podarok;Россия;60
Песня в подарок — Поиск;Кому — папе и брату;песня папе на юбилей;Песня папе или брату;Можно с юмором, 490 ₽;Его имя, его истории, его жанр. Текст показываем до записи — бесплатно.;https://genius-bot.ru/pesnya-v-podarok-pape/?utm_source=yandex&utm_medium=cpc&utm_campaign=podarok&utm_term={keyword}&utm_content={ad_id};pesnya-v-podarok;Россия;60
Песня в подарок — Поиск;Кому — папе и брату;песня в подарок брату;Песня папе или брату;Можно с юмором, 490 ₽;Его имя, его истории, его жанр. Текст показываем до записи — бесплатно.;https://genius-bot.ru/pesnya-v-podarok-pape/?utm_source=yandex&utm_medium=cpc&utm_campaign=podarok&utm_term={keyword}&utm_content={ad_id};pesnya-v-podarok;Россия;60
Песня в подарок — Поиск;Кому — папе и брату;песня брату на день рождения заказать;Песня папе или брату;Можно с юмором, 490 ₽;Его имя, его истории, его жанр. Текст показываем до записи — бесплатно.;https://genius-bot.ru/pesnya-v-podarok-pape/?utm_source=yandex&utm_medium=cpc&utm_campaign=podarok&utm_term={keyword}&utm_content={ad_id};pesnya-v-podarok;Россия;60
Песня в подарок — Поиск;Кому — сыну и дочери;песня в подарок сыну;Песня ребёнку с его именем;За 10 минут, от 490 ₽;Имя в припеве, любимые игрушки и дела. Текст бесплатно, песня за минуты.;https://genius-bot.ru/pesnya-v-podarok-synu/?utm_source=yandex&utm_medium=cpc&utm_campaign=podarok&utm_term={keyword}&utm_content={ad_id};pesnya-v-podarok;Россия;60
Песня в подарок — Поиск;Кому — сыну и дочери;песня в подарок дочери;Песня ребёнку с его именем;За 10 минут, от 490 ₽;Имя в припеве, любимые игрушки и дела. Текст бесплатно, песня за минуты.;https://genius-bot.ru/pesnya-v-podarok-synu/?utm_source=yandex&utm_medium=cpc&utm_campaign=podarok&utm_term={keyword}&utm_content={ad_id};pesnya-v-podarok;Россия;60
Песня в подарок — Поиск;Кому — сыну и дочери;детская песня с именем на заказ;Песня ребёнку с его именем;За 10 минут, от 490 ₽;Имя в припеве, любимые игрушки и дела. Текст бесплатно, песня за минуты.;https://genius-bot.ru/pesnya-v-podarok-synu/?utm_source=yandex&utm_medium=cpc&utm_campaign=podarok&utm_term={keyword}&utm_content={ad_id};pesnya-v-podarok;Россия;60
Песня в подарок — Поиск;Кому — сыну и дочери;именная песня для ребенка;Песня ребёнку с его именем;За 10 минут, от 490 ₽;Имя в припеве, любимые игрушки и дела. Текст бесплатно, песня за минуты.;https://genius-bot.ru/pesnya-v-podarok-synu/?utm_source=yandex&utm_medium=cpc&utm_campaign=podarok&utm_term={keyword}&utm_content={ad_id};pesnya-v-podarok;Россия;60
Песня в подарок — Поиск;Кому — учителю;песня в подарок учителю;Песня учителю от класса;За 10 минут, от 490 ₽;Имя, предмет и ваши школьные детали. Текст согласуете до записи.;https://genius-bot.ru/pesnya-v-podarok-uchitelyu/?utm_source=yandex&utm_medium=cpc&utm_campaign=podarok&utm_term={keyword}&utm_content={ad_id};pesnya-v-podarok;Россия;60
Песня в подарок — Поиск;Кому — учителю;песня учителю от класса;Песня учителю от класса;За 10 минут, от 490 ₽;Имя, предмет и ваши школьные детали. Текст согласуете до записи.;https://genius-bot.ru/pesnya-v-podarok-uchitelyu/?utm_source=yandex&utm_medium=cpc&utm_campaign=podarok&utm_term={keyword}&utm_content={ad_id};pesnya-v-podarok;Россия;60
Песня в подарок — Поиск;Кому — учителю;песня на день учителя на заказ;Песня учителю от класса;За 10 минут, от 490 ₽;Имя, предмет и ваши школьные детали. Текст согласуете до записи.;https://genius-bot.ru/pesnya-v-podarok-uchitelyu/?utm_source=yandex&utm_medium=cpc&utm_campaign=podarok&utm_term={keyword}&utm_content={ad_id};pesnya-v-podarok;Россия;60
Песня в подарок — Поиск;Кому — учителю;песня на последний звонок на заказ;Песня учителю от класса;За 10 минут, от 490 ₽;Имя, предмет и ваши школьные детали. Текст согласуете до записи.;https://genius-bot.ru/pesnya-v-podarok-uchitelyu/?utm_source=yandex&utm_medium=cpc&utm_campaign=podarok&utm_term={keyword}&utm_content={ad_id};pesnya-v-podarok;Россия;60
Песня в подарок — Поиск;Повод — день рождения;песня на день рождения на заказ;Песня на день рождения;Успеете сегодня, 490 ₽;Анкета три минуты, песня через десять. Работаем круглосуточно.;https://genius-bot.ru/pesnya-na-den-rozhdeniya-na-zakaz/?utm_source=yandex&utm_medium=cpc&utm_campaign=podarok&utm_term={keyword}&utm_content={ad_id};pesnya-v-podarok;Россия;60
Песня в подарок — Поиск;Повод — день рождения;заказать песню на день рождения;Песня на день рождения;Успеете сегодня, 490 ₽;Анкета три минуты, песня через десять. Работаем круглосуточно.;https://genius-bot.ru/pesnya-na-den-rozhdeniya-na-zakaz/?utm_source=yandex&utm_medium=cpc&utm_campaign=podarok&utm_term={keyword}&utm_content={ad_id};pesnya-v-podarok;Россия;60
Песня в подарок — Поиск;Повод — день рождения;поздравление песней на заказ;Песня на день рождения;Успеете сегодня, 490 ₽;Анкета три минуты, песня через десять. Работаем круглосуточно.;https://genius-bot.ru/pesnya-na-den-rozhdeniya-na-zakaz/?utm_source=yandex&utm_medium=cpc&utm_campaign=podarok&utm_term={keyword}&utm_content={ad_id};pesnya-v-podarok;Россия;60
Песня в подарок — Поиск;Повод — день рождения;песня поздравление на заказ;Песня на день рождения;Успеете сегодня, 490 ₽;Анкета три минуты, песня через десять. Работаем круглосуточно.;https://genius-bot.ru/pesnya-na-den-rozhdeniya-na-zakaz/?utm_source=yandex&utm_medium=cpc&utm_campaign=podarok&utm_term={keyword}&utm_content={ad_id};pesnya-v-podarok;Россия;60
Песня в подарок — Поиск;Повод — юбилей;песня на юбилей на заказ;Песня на юбилей за 10 минут;Про жизнь, а не про годы;Дело, семья и места — из ваших деталей. Два варианта звучания, от 490 ₽.;https://genius-bot.ru/pesnya-na-70-let/?utm_source=yandex&utm_medium=cpc&utm_campaign=podarok&utm_term={keyword}&utm_content={ad_id};pesnya-v-podarok;Россия;60
Песня в подарок — Поиск;Повод — юбилей;песня на 70 лет юбилей;Песня на юбилей за 10 минут;Про жизнь, а не про годы;Дело, семья и места — из ваших деталей. Два варианта звучания, от 490 ₽.;https://genius-bot.ru/pesnya-na-70-let/?utm_source=yandex&utm_medium=cpc&utm_campaign=podarok&utm_term={keyword}&utm_content={ad_id};pesnya-v-podarok;Россия;60
Песня в подарок — Поиск;Повод — юбилей;песня на 60 лет заказать;Песня на юбилей за 10 минут;Про жизнь, а не про годы;Дело, семья и места — из ваших деталей. Два варианта звучания, от 490 ₽.;https://genius-bot.ru/pesnya-na-70-let/?utm_source=yandex&utm_medium=cpc&utm_campaign=podarok&utm_term={keyword}&utm_content={ad_id};pesnya-v-podarok;Россия;60
Песня в подарок — Поиск;Повод — юбилей;песня на 50 лет на заказ;Песня на юбилей за 10 минут;Про жизнь, а не про годы;Дело, семья и места — из ваших деталей. Два варианта звучания, от 490 ₽.;https://genius-bot.ru/pesnya-na-70-let/?utm_source=yandex&utm_medium=cpc&utm_campaign=podarok&utm_term={keyword}&utm_content={ad_id};pesnya-v-podarok;Россия;60
Песня в подарок — Поиск;Повод — юбилей;музыкальный подарок на юбилей;Песня на юбилей за 10 минут;Про жизнь, а не про годы;Дело, семья и места — из ваших деталей. Два варианта звучания, от 490 ₽.;https://genius-bot.ru/pesnya-na-70-let/?utm_source=yandex&utm_medium=cpc&utm_campaign=podarok&utm_term={keyword}&utm_content={ad_id};pesnya-v-podarok;Россия;60
Песня в подарок — Поиск;Цена;сколько стоит песня на заказ;Песня на заказ — от 490 ₽;Без доплат и звёздочек;Три пакета, цены на странице. Текст бесплатно, платите после него.;https://genius-bot.ru/skolko-stoit-pesnya-na-zakaz/?utm_source=yandex&utm_medium=cpc&utm_campaign=podarok&utm_term={keyword}&utm_content={ad_id};pesnya-v-podarok;Россия;60
Песня в подарок — Поиск;Цена;сколько стоит заказать песню;Песня на заказ — от 490 ₽;Без доплат и звёздочек;Три пакета, цены на странице. Текст бесплатно, платите после него.;https://genius-bot.ru/skolko-stoit-pesnya-na-zakaz/?utm_source=yandex&utm_medium=cpc&utm_campaign=podarok&utm_term={keyword}&utm_content={ad_id};pesnya-v-podarok;Россия;60
Песня в подарок — Поиск;Цена;песня на заказ цена;Песня на заказ — от 490 ₽;Без доплат и звёздочек;Три пакета, цены на странице. Текст бесплатно, платите после него.;https://genius-bot.ru/skolko-stoit-pesnya-na-zakaz/?utm_source=yandex&utm_medium=cpc&utm_campaign=podarok&utm_term={keyword}&utm_content={ad_id};pesnya-v-podarok;Россия;60
Песня в подарок — Поиск;Цена;песня в подарок цена;Песня на заказ — от 490 ₽;Без доплат и звёздочек;Три пакета, цены на странице. Текст бесплатно, платите после него.;https://genius-bot.ru/skolko-stoit-pesnya-na-zakaz/?utm_source=yandex&utm_medium=cpc&utm_campaign=podarok&utm_term={keyword}&utm_content={ad_id};pesnya-v-podarok;Россия;60
Песня в подарок — Поиск;Цена;песня на заказ недорого;Песня на заказ — от 490 ₽;Без доплат и звёздочек;Три пакета, цены на странице. Текст бесплатно, платите после него.;https://genius-bot.ru/skolko-stoit-pesnya-na-zakaz/?utm_source=yandex&utm_medium=cpc&utm_campaign=podarok&utm_term={keyword}&utm_content={ad_id};pesnya-v-podarok;Россия;60
Песня в подарок — Поиск;Написать текст;написать песню на заказ;Напишем песню по вашей истории;Текст бесплатно, 490 ₽;Сначала текст со структурой, потом запись. Правки не ограничены.;https://genius-bot.ru/napisat-pesnyu-na-zakaz/?utm_source=yandex&utm_medium=cpc&utm_campaign=podarok&utm_term={keyword}&utm_content={ad_id};pesnya-v-podarok;Россия;60
Песня в подарок — Поиск;Написать текст;сочинить песню на заказ;Напишем песню по вашей истории;Текст бесплатно, 490 ₽;Сначала текст со структурой, потом запись. Правки не ограничены.;https://genius-bot.ru/napisat-pesnyu-na-zakaz/?utm_source=yandex&utm_medium=cpc&utm_campaign=podarok&utm_term={keyword}&utm_content={ad_id};pesnya-v-podarok;Россия;60
Песня в подарок — Поиск;Написать текст;написать текст песни на заказ;Напишем песню по вашей истории;Текст бесплатно, 490 ₽;Сначала текст со структурой, потом запись. Правки не ограничены.;https://genius-bot.ru/napisat-pesnyu-na-zakaz/?utm_source=yandex&utm_medium=cpc&utm_campaign=podarok&utm_term={keyword}&utm_content={ad_id};pesnya-v-podarok;Россия;60
Песня в подарок — Поиск;Написать текст;песня на заказ по вашему тексту;Напишем песню по вашей истории;Текст бесплатно, 490 ₽;Сначала текст со структурой, потом запись. Правки не ограничены.;https://genius-bot.ru/napisat-pesnyu-na-zakaz/?utm_source=yandex&utm_medium=cpc&utm_campaign=podarok&utm_term={keyword}&utm_content={ad_id};pesnya-v-podarok;Россия;60
Песня в подарок — Поиск;Музыкальная открытка;музыкальная открытка на заказ;Музыкальная открытка;Песня и обложка, 890 ₽;Отправляется одним сообщением. Готово через десять минут после анкеты.;https://genius-bot.ru/muzykalnaya-otkrytka-na-zakaz/?utm_source=yandex&utm_medium=cpc&utm_campaign=podarok&utm_term={keyword}&utm_content={ad_id};pesnya-v-podarok;Россия;60
Песня в подарок — Поиск;Музыкальная открытка;аудио поздравление на заказ;Музыкальная открытка;Песня и обложка, 890 ₽;Отправляется одним сообщением. Готово через десять минут после анкеты.;https://genius-bot.ru/muzykalnaya-otkrytka-na-zakaz/?utm_source=yandex&utm_medium=cpc&utm_campaign=podarok&utm_term={keyword}&utm_content={ad_id};pesnya-v-podarok;Россия;60
Песня в подарок — Поиск;Музыкальная открытка;музыкальная открытка с именем;Музыкальная открытка;Песня и обложка, 890 ₽;Отправляется одним сообщением. Готово через десять минут после анкеты.;https://genius-bot.ru/muzykalnaya-otkrytka-na-zakaz/?utm_source=yandex&utm_medium=cpc&utm_campaign=podarok&utm_term={keyword}&utm_content={ad_id};pesnya-v-podarok;Россия;60
Песня в подарок — Поиск;Музыкальная открытка;песня открытка в подарок;Музыкальная открытка;Песня и обложка, 890 ₽;Отправляется одним сообщением. Готово через десять минут после анкеты.;https://genius-bot.ru/muzykalnaya-otkrytka-na-zakaz/?utm_source=yandex&utm_medium=cpc&utm_campaign=podarok&utm_term={keyword}&utm_content={ad_id};pesnya-v-podarok;Россия;60
